{
  "perplexity": 10.07398453497229,
  "nll": 2.3099563121795654
}