{
  "baseline_perplexity": 10.07398453497229,
  "pca_intervention_perplexity": 15.583463760435574,
  "pca_components": 16,
  "layers_intervened": [
    7,
    14,
    21
  ],
  "perplexity_change": 5.509479225463284,
  "perplexity_ratio": 1.5469016957825257,
  "explained_variance": {
    "layer_7": {
      "explained_variance_ratio_sum": 0.20467080236742402,
      "explained_variance_ratio_per_component": [
        0.031582249423875094,
        0.020040595430512138,
        0.016563503055271333,
        0.014354497465328651,
        0.013606982936364836,
        0.012668917828069231,
        0.012165734712629559,
        0.011190698246476847,
        0.010377459475246934,
        0.010123184786054397,
        0.009793795630401928,
        0.009089620006102563,
        0.008635389957584118,
        0.008362298966175448,
        0.008233037291368166,
        0.007882837155962785
      ]
    },
    "layer_14": {
      "explained_variance_ratio_sum": 0.26181161915407763,
      "explained_variance_ratio_per_component": [
        0.11647798588079845,
        0.018933576099297977,
        0.015855169802889615,
        0.012471000087771062,
        0.01131250090453089,
        0.009823470780679903,
        0.009309998257040274,
        0.008894017062075028,
        0.008492964141902336,
        0.00812415852173707,
        0.007817704671598839,
        0.007401973012151341,
        0.0069646630469349284,
        0.006818259922164213,
        0.006675654562608018,
        0.00643852239989768
      ]
    },
    "layer_21": {
      "explained_variance_ratio_sum": 0.22417632437048185,
      "explained_variance_ratio_per_component": [
        0.03244121575527144,
        0.025033700301133468,
        0.022024145794146854,
        0.018420041182739832,
        0.015828828525609837,
        0.013657233119456403,
        0.01275483470862351,
        0.011864317677735622,
        0.011769527351448702,
        0.010360022689302445,
        0.009873533080823208,
        0.0090193785929435,
        0.008079046426687714,
        0.007947291072830234,
        0.007567684845373185,
        0.007535523246355902
      ]
    }
  }
}