{
  "baseline_perplexity": 10.07398453497229,
  "pca_intervention_perplexity": 14.320931140944818,
  "pca_components": 128,
  "layers_intervened": [
    7,
    14,
    21
  ],
  "perplexity_change": 4.2469466059725285,
  "perplexity_ratio": 1.4215756527349295,
  "explained_variance": {
    "layer_7": {
      "explained_variance_ratio_sum": 0.5655885113143967,
      "explained_variance_ratio_per_component": [
        0.031582249423886266,
        0.02004059546637699,
        0.016563504577215893,
        0.014354501293832752,
        0.013606997894717207,
        0.012668948031114022,
        0.012165812813189729,
        0.011190885449178163,
        0.010378513658482306,
        0.01012344735082433,
        0.009793904631437885,
        0.009092969356190294,
        0.008645066008690748,
        0.008365461131904822,
        0.008241051258106697,
        0.007904515945259946,
        0.0076384359519336776,
        0.007399278725636347,
        0.006902589796856284,
        0.006669747281972025,
        0.00648746861345863,
        0.006226192944278572,
        0.005950547388700876,
        0.005847763547378814,
        0.005650241835246587,
        0.005557629186383411,
        0.005447883703592087,
        0.00519088553697978,
        0.005119994947279534,
        0.005059453042632848,
        0.004893285138405445,
        0.004822746042232047,
        0.004694792703268921,
        0.004615843296166932,
        0.004526299863234693,
        0.004440878710798829,
        0.00434379755658508,
        0.004297195974872406,
        0.004190242299437447,
        0.0041616254606812765,
        0.004148889735527435,
        0.004126117867487097,
        0.0039685911842663605,
        0.003929533177508243,
        0.0038532738369992147,
        0.0037793183312143323,
        0.0037424115089283315,
        0.003645629645104386,
        0.0036165022105008344,
        0.0035331688147187215,
        0.0034962040767874984,
        0.0034819855208596275,
        0.00347255198318693,
        0.0034499595761471984,
        0.003389428560569467,
        0.003338907628116027,
        0.0032561635262981442,
        0.003225845279675351,
        0.0031257360591703275,
        0.0030980051482182,
        0.0030678600849786235,
        0.0030550315313378623,
        0.0030078579563694308,
        0.002973272826399808,
        0.002957892397145764,
        0.0029473930383395923,
        0.002930921134509587,
        0.002892231177233536,
        0.0028837181248493665,
        0.0028317286855875073,
        0.0027983679923753017,
        0.0027611030996781212,
        0.002731602021694598,
        0.002723352544021177,
        0.002705120711042764,
        0.002694633349255978,
        0.002656027458514375,
        0.0026203419568657446,
        0.00260189319574781,
        0.0025801671772887713,
        0.002571639528679441,
        0.0025435327161467706,
        0.0025276034070312987,
        0.002505077701216484,
        0.0024743285416218798,
        0.002469465745361465,
        0.002441640903404395,
        0.002423892298196185,
        0.0024066511912053607,
        0.0023843515917763105,
        0.0023759387628368156,
        0.0023287865114275863,
        0.0023245026585418833,
        0.0023016067206347007,
        0.0022915593625533843,
        0.002282173831844095,
        0.0022567147609128795,
        0.002238218992843704,
        0.0022080705601829026,
        0.002192500426629036,
        0.002167409061892989,
        0.0021552462880907865,
        0.0021390543296775496,
        0.002129483601058249,
        0.0021124490045255286,
        0.0021036604994663717,
        0.00206933613951499,
        0.002057223593899445,
        0.0020484037595772785,
        0.0020277625633000913,
        0.0020224386637876578,
        0.002009105959127268,
        0.0020006910827986436,
        0.0019848921072722976,
        0.0019733165908338434,
        0.001954573729078971,
        0.0019323290248561404,
        0.0019274189067285835,
        0.001907213019164982,
        0.0018831941253062586,
        0.0018704999137530876,
        0.0018454571612329393,
        0.0018354831405182482,
        0.001805636760726789,
        0.0017966873291277376,
        0.0017903217199154546,
        0.0017738080010628828,
        0.0017651750521149646
      ]
    },
    "layer_14": {
      "explained_variance_ratio_sum": 0.5901535171954317,