{
  "baseline_perplexity": 10.07398453497229,
  "pca_intervention_perplexity": 15.799006551024863,
  "pca_components": 8,
  "layers_intervened": [
    7,
    14,
    21
  ],
  "perplexity_change": 5.7250220160525735,
  "perplexity_ratio": 1.5682976776644735,
  "explained_variance": {
    "layer_7": {
      "explained_variance_ratio_sum": 0.13216936060237292,
      "explained_variance_ratio_per_component": [
        0.03158224940869316,
        0.02004059097406512,
        0.01656348623797216,
        0.01435414243639855,
        0.013606786004163256,
        0.01266767716401998,
        0.012164252441784349,
        0.011190175935276322
      ]
    },
    "layer_14": {
      "explained_variance_ratio_sum": 0.2030715118592397,
      "explained_variance_ratio_per_component": [
        0.11647798588079868,
        0.018933574795362375,
        0.01585516650878708,
        0.012470928866673208,
        0.011312060723651597,
        0.009821789883674409,
        0.009307652174574675,
        0.008892353025717654
      ]
    },
    "layer_21": {
      "explained_variance_ratio_sum": 0.15202154779953522,
      "explained_variance_ratio_per_component": [
        0.03244121573611454,
        0.0250337002707318,
        0.022024143686560933,
        0.01841999427531504,
        0.015828426726043968,
        0.013656817872064773,
        0.012754242352740872,
        0.01186300687996329
      ]
    }
  }
}