{
  "baseline_perplexity": 10.07398453497229,
  "pca_intervention_perplexity": 14.815666204248153,
  "pca_components": 64,
  "layers_intervened": [
    7,
    14,
    21
  ],
  "perplexity_change": 4.741681669275863,
  "perplexity_ratio": 1.4706858197781525,
  "explained_variance": {
    "layer_7": {
      "explained_variance_ratio_sum": 0.4179843811167785,
      "explained_variance_ratio_per_component": [
        0.03158224942388619,
        0.02004059546637516,
        0.01656350457718134,
        0.014354501293593336,
        0.013606997894538404,
        0.01266894802964556,
        0.01216581281084225,
        0.011190885445666212,
        0.010378513641160462,
        0.01012344732361108,
        0.009793904617105638,
        0.009092969254859026,
        0.008645065866869783,
        0.008365460965116691,
        0.008241050842768024,
        0.007904515260563131,
        0.007638435250128987,
        0.007399277030656701,
        0.006902583637578984,
        0.00666974131429719,
        0.006487462748094537,
        0.006226168298366061,
        0.005950500253753294,
        0.005847727640011228,
        0.00565020544178883,
        0.005557489439181279,
        0.005447816441293904,
        0.0051905885394144076,
        0.005119886149456706,
        0.005059279298087231,
        0.004892963431191666,
        0.0048224228345916855,
        0.004693978731052564,
        0.0046150864251083695,
        0.004525677896519191,
        0.0044398394794470004,
        0.004340765717060854,
        0.004295301617559507,
        0.004186129089947577,
        0.004158266784504239,
        0.004144776080461927,
        0.004123510010053984,
        0.0039644022293311345,
        0.003918173962474727,
        0.003850150329834596,
        0.0037729684470959837,
        0.0037342010444691934,
        0.003639932298526192,
        0.0036106948220081757,
        0.00352215865733272,
        0.0034739229117329877,
        0.0034645893699949593,
        0.0034514648814029593,
        0.0034347697035275342,
        0.0033435303070080886,
        0.0033163506809781008,
        0.0032121543834362693,
        0.0031468817094455915,
        0.0030691401659604565,
        0.003053345572931734,
        0.0030176470523446876,
        0.0029888346668760428,
        0.0029808232160754454,
        0.002913942410600715
      ]
    },
    "layer_14": {
      "explained_variance_ratio_sum": 0.4534591178795101,
      "explained_variance_ratio_per_component": [
        0.11647798588079845,
        0.018933576107541122,
        0.015855169936089385,
        0.012471004147696422,
        0.011312508812335387,
        0.009823576382582837,
        0.00931013319231792,
        0.00889422881065211,
        0.008494094746224997,
        0.00812536227436678,
        0.007818701574677492,
        0.007409981590361052,
        0.006972015164399083,
        0.006829957382233373,
        0.006680156255649975,
        0.006456376570807473,
        0.006216105127766445,
        0.006029809803765964,
        0.0058228810912850015,
        0.005547459655700039,
        0.0054288545341594505,
        0.005355120507624763,
        0.00529850877056084,
        0.005225912778953916,
        0.004844169088866981,
        0.0048110054571148435,
        0.004690671087892019,
        0.004623883487009816,
        0.00459028151654109,
        0.004428117418037704,
        0.004420745073628447,
        0.0043202389970694016,
        0.004309351182189177,
        0.004261502237770604,
        0.00414727061686729,
        0.00408547251053942,
        0.004036747089138951,
        0.004008823831869554,
        0.003890078261853213,
        0.0038331798651607724,
        0.003782033068917987,
        0.0037266509041139206,
        0.003684327938798075,
        0.0036648884938960164,
        0.0035702819592845865,
        0.003508614905428734,
        0.003461665106267076,
        0.0033992164703237396,
        0.0033543922780395535,
        0.0033111469804031697,
        0.003272914116586779,
        0.003259449913667742,
        0.0031792489757388855,
        0.0031236090792905228,
        0.0031037027439896493,
        0.0030694890433038457,
        0.003027535099710628,
        0.002966963854382493,
        0.002948914193733455,
        0.0028536556804112656,
        0.002830636205845572,
        0.0027795750559657336,
        0.0027521029014572706,
        0.0027370840898537957
      ]
    },
    "layer_21": {
      "explained_variance_ratio_sum": 0.44384701087312184,
      "explained_variance_ratio_per_component": [
        0.032441215755363906,
        0.025033700303848612,
        0.022024145816976617,
        0.01842004124536239,
        0.01582882914494694,
        0.013657236496939189,
        0.012754852882083698,
        0.011864351669901265,
        0.011769546445698926,
        0.010360475271551775,
        0.009873968675469112,
        0.009020910109020515,
        0.008086625487464177,
        0.007964607672299388,
        0.007601435148514233,
        0.00754266230930056,
        0.007357395513291969,
        0.007206014818989346,
        0.0069435937157479935,
        0.006713226625336493,
        0.00628340081199886,
        0.006150112536056211,
        0.006068058406297037,
        0.005889486238849707,
        0.005792326715636545,
        0.005560861561331981,
        0.005430984361096975,
        0.005357969173832339,
        0.005266486682534346,
        0.005206919281573994,
        0.0051335722506694725,
        0.0050055266352908015,
        0.00491136255519848,
        0.004822383295271057,
        0.00472512541191047,
        0.004591579087363056,
        0.0045657293207169375,
        0.00453189266370533,
        0.004480447415029132,
        0.004394195407029654,
        0.004299574679497312,
        0.004249052598769853,
        0.004145804756787041,
        0.0040977882447502155,
        0.004024693397602723,
        0.003968331255318122,
        0.0039163607339120264,
        0.0038916100863533435,
        0.0038433491251622966,
        0.0037462699201570053,
        0.0036752154756406266,
        0.0036037651361973287,
        0.003555892383092869,
        0.0035342441674577046,
        0.0034805462069403097,
        0.003418076677874863,
        0.0033606884836397716,
        0.003324788656593816,
        0.0033096299327436346,
        0.0032301039782411463,
        0.003191721797913343,
        0.0031594422332765237,
        0.003127221175364148,
        0.003059584850336382
      ]
    }
  }
}