{
  "baseline_perplexity": 10.07398453497229,
  "pca_intervention_perplexity": 15.275240413354206,
  "pca_components": 32,
  "layers_intervened": [
    7,
    14,
    21
  ],
  "perplexity_change": 5.201255878381916,
  "perplexity_ratio": 1.5163057239492004,
  "explained_variance": {
    "layer_7": {
      "explained_variance_ratio_sum": 0.29937937450051516,
      "explained_variance_ratio_per_component": [
        0.03158224942388455,
        0.020040595466073088,
        0.016563504572698926,
        0.014354501187672971,
        0.013606997788829976,
        0.012668947296294406,
        0.012165812538531906,
        0.01119088341947581,
        0.010378511309052582,
        0.010123443843948924,
        0.009793900731432815,
        0.009092942324692299,
        0.008645041399253667,
        0.008365307026158524,
        0.008240862842805405,
        0.007904273696099966,
        0.007638296442305488,
        0.0073988275800644975,
        0.006901517392013182,
        0.006667886110666812,
        0.006485047680445689,
        0.006225408624473494,
        0.0059433415804905874,
        0.0058381464795477876,
        0.0056449732157028455,
        0.005551651351799407,
        0.005440872559071824,
        0.0051505050493047344,
        0.005095550854974583,
        0.005034544681255072,
        0.004875193329502192,
        0.004769836701991122
      ]
    },
    "layer_14": {
      "explained_variance_ratio_sum": 0.3431113142269633,
      "explained_variance_ratio_per_component": [
        0.11647798588079893,
        0.018933576107113985,
        0.015855169926888128,
        0.012471004067543695,
        0.011312508016083246,
        0.009823573628154052,
        0.009310127590148185,
        0.008894216337238518,
        0.008494073281870915,
        0.00812530588361812,
        0.007818620493437163,
        0.007409816317911833,
        0.006971852551206254,
        0.006828540627258532,
        0.00667983279711551,
        0.006454085744321118,
        0.006215599550148303,
        0.006023959823502952,
        0.005821333945794011,
        0.005541334322281734,
        0.0054229207976015424,
        0.005341431930323054,
        0.005293731124191351,
        0.005206725795328196,
        0.00482620529299309,
        0.004783582681429015,
        0.0046767328102660655,
        0.004604237245210683,
        0.004489282164773892,
        0.004391719712638104,
        0.0043416524749979426,
        0.0042705753047751465
      ]
    },
    "layer_21": {
      "explained_variance_ratio_sum": 0.3191517477684019,
      "explained_variance_ratio_per_component": [
        0.03244121575536297,
        0.025033700303801323,
        0.022024145816456477,
        0.018420041243479776,
        0.015828829110800507,
        0.013657236372765494,
        0.012754852362925723,
        0.011864350257284256,
        0.01176954574530334,
        0.01036046489247902,
        0.009873937517001531,
        0.009020873966730058,
        0.00808633134341318,
        0.007964059652198801,
        0.0076007041109608315,
        0.007541289420210731,
        0.007356399152042133,
        0.007205595593824779,
        0.006942210090124288,
        0.006711147448488687,
        0.006276876173975066,
        0.006141793989789465,
        0.0060598905662482844,
        0.005870674964224685,
        0.005786808708444331,
        0.005505990231606873,
        0.005411536300680477,
        0.005329594176552063,
        0.005203920467563415,
        0.005122321089376864,
        0.005051459057124911,
        0.004933951887161544
      ]
    }
  }
}